id,x,y,ndvi,ndbi,lst,elevation,rainfall,distance_to_water,population
12,500105.0,2598725.0,-0.016099310489466268,0.05105851046112126,-0.028666197031981606,-0.03436132439987128,0.11180806589811143,0.26260959669917217,0.036132049020761184
14,501545.0,2598785.0,-0.011514327082666018,0.01006068618225658,0.015469221904539712,0.05269939526742385,0.04195926799566832,0.2854242782603212,-0.01265028221230357
16,502835.0,2598545.0,-0.009843042384252838,-0.015009760256280735,0.013743408057752959,-0.029550681526705612,-0.10395849560058748,0.19369461027830037,-0.015696565678371938
18,501065.0,2598605.0,-0.014185611005193322,0.052800276714355734,-0.06445093481383271,0.05819294232217806,0.0763056922455138,0.3407611205350577,0.007205754336396626
29,502475.0,2597555.0,0.0025359933327883076,-0.02542425958520362,0.0022249591210567205,-0.030631097490651644,-0.03955577426572797,-0.04029068355240352,0.00025101722979668426
30,500405.0,2598245.0,-0.0017144466983839072,0.09117861104635987,0.05428835632379169,0.08932261452536372,0.12634677160109145,0.2135279161320119,0.048467409585614615
38,501365.0,2597675.0,-0.011238284260370846,0.009588903350135966,0.025295685219125588,-0.020852546183662047,-0.057270367305191236,-0.06978406664688416,-0.015592539754957451
47,501905.0,2599835.0,-0.0006158562896634998,-0.004406854934790863,0.032980995350646865,0.07466443307108916,0.05395913572596707,0.0018118295714673136,0.02739624298864055
53,501395.0,2598335.0,-0.030596993052718378,-0.054538508118091654,-0.012811202540214485,-0.07563750845279574,0.030225404259829263,0.004927028903381593,-0.01800021523717965
80,500525.0,2599085.0,-0.012621037011968515,-0.042388807011124664,0.019196298729864263,-0.10372943744878539,0.06197153230781358,-0.07318384787953623,-0.012360515372577653
83,501185.0,2599055.0,-0.02750174091024023,0.0016014206039426803,-0.15175394627259917,-0.09148370212375742,0.026756895977198453,0.005001171395049514,-0.027900858520854967
98,501725.0,2598815.0,-0.013552276578111132,-0.047445998782469245,0.013468147404158035,0.06524724146925635,0.034814369034978726,0.22642343202888482,-0.013404459482771719
112,501305.0,2598725.0,0.18212153268800932,0.10439569035239153,-0.02522567595531975,0.019449174025234134,0.015270494650765664,0.22970807285958558,0.08832445223188176
118,500195.0,2598665.0,0.025029547312196972,0.08720041910673171,0.0035090394306181963,-0.020736111902420393,0.13744415147873734,0.3012828334680954,0.07849832043285684
119,502145.0,2598125.0,0.0596360082780635,0.019750650411241032,0.05156751685106986,-0.06014634358460303,0.032628715740569685,-0.09793825604804071,0.0101476344091304
120,501395.0,2597735.0,-0.026904940522932835,-0.008571043600005584,0.008186192692851053,-0.04479383197214497,-0.05731743159877157,-0.07714847556085247,-0.017452965886139975
124,501305.0,2598455.0,-0.02795295557600556,-0.06252817547611327,-0.060144036007132855,-0.054635751693476016,-0.0022214262454100893,0.08090258675307842,-0.01798600046956702
141,502895.0,2598155.0,-0.0209457048759524,-0.059098125206719816,0.0013202728979971156,-0.0801203662860297,-0.06049472108287563,0.003466061715056178,-0.019128744027420364
147,501065.0,2599145.0,-0.018745210247017842,0.0010166030326221292,-0.08705132084676742,-0.07635675911418432,0.045085586345642546,-0.09977501374492431,-0.028861800621287296
171,502115.0,2598245.0,0.07057468321157635,0.06650570998877316,0.04068668827061631,-0.03769729390369995,0.03604928883337604,-0.060990449823989344,0.02633350630027405
173,501905.0,2598875.0,0.16678316774434504,0.12048809686562734,-0.04659617759541839,0.03383604246321839,0.050599372874415,0.23589989333032152,0.09107252652172115
179,500435.0,2597075.0,0.00488625903579902,0.07508606720888802,-0.023766210158866576,0.12051959037064694,-0.05004522959464958,0.2638838559273194,0.03146698009079263
201,500705.0,2598335.0,0.014313844630133507,0.028165210971328115,0.03660483651573408,0.07526573017901154,0.1298396982935037,0.31031938346159044,-0.003829736130335628
211,502385.0,2597615.0,-0.014395941513208048,-0.03545932394158878,-0.021106300223090017,-0.04447703113921388,-0.06832664978598652,-0.06423700321687177,-0.014139822330113894
212,500195.0,2598875.0,-0.04590468777711876,0.02856492606412444,-0.00904412415491052,-0.08708720241136737,0.036442613860217576,0.07934033193770532,0.006990951838658688
213,501755.0,2599055.0,-0.0008195534100531574,-0.05916537586055072,0.000738305112880741,0.038530914917893636,0.09040815500719424,0.13872486536230938,-0.019735052036364532
215,500735.0,2598545.0,0.0025514572718436817,0.09793599331980073,0.01831779513876667,-0.02311562015283176,0.13010177469603187,0.29803043313928784,0.007556199332134471
225,501515.0,2598695.0,-0.033296281793045016,-0.00811984767438721,-0.007909747419020135,-0.019016169752455816,0.024275850078566474,0.12418830848763683,-0.01578050272603867
226,501635.0,2597585.0,-0.02490638284145383,-0.018966611900311667,0.012647921209495863,-0.03932845381308755,-0.037780897455220126,-0.04947711503234199,-0.011146880184971968
228,502985.0,2598215.0,-0.02576630025220028,-0.05564118592289086,0.004452323388876212,-0.08072456661215487,-0.056365647152066246,0.02487857133427692,-0.006940496149142165
231,502415.0,2597825.0,-0.008007025809931123,-0.0381356403321354,0.003429053004364415,-0.09217236602213771,-0.02990178800119595,-0.05755876289695963,-0.002265754885818996
233,501335.0,2598335.0,-0.03393560576701544,-0.06400303021936968,-0.0161493724823264,-0.1055429403012168,0.02819110707999528,0.00649405661367665,-0.028822043262072744
238,500855.0,2597075.0,-0.015800651288528065,-0.005480116269902709,-0.0693447149098629,0.00800752258868788,-0.10480246583450684,-0.0906937065716344,0.0055914546300685
243,501545.0,2598275.0,-0.036173435772176514,-0.039335986012078,-0.006691312916292191,-0.09265395540509734,0.015589941196046432,-0.1006648450984494,-0.00633423138877791
250,501695.0,2598305.0,0.011876327880894204,0.0019350276577257768,0.031977327350846525,-0.056157774707289145,0.034694694610903055,-0.06557695600568311,0.017663575624177804
258,501995.0,2597945.0,0.009444428790295611,0.11429146963177081,0.039139377076520404,-0.06504619081704506,0.0696289637708633,-0.06549999162365595,0.02408455153673931
261,500975.0,2599205.0,-0.016808412123167065,-0.00812041529617895,-0.044709091287088346,-0.08748736703322654,0.043923995787423994,-0.12362592331434455,-0.03702115258978484
264,501695.0,2599595.0,0.0030472349304215786,0.0035248635466511987,-0.002249765066252075,0.12202525368465499,0.16516303464540244,-0.014798413511887286,0.030327672880094983
278,502025.0,2597615.0,-0.02879169365928739,-0.03074105302569621,-0.010856985728169273,-0.05667161614718994,-0.07545530629946781,-0.053829621009760374,-0.014041196713402305
279,501365.0,2598875.0,-0.029214158913968197,0.029813341323869612,-0.12327087091198088,0.030637203402797523,-0.0035640314687052084,0.24580130815292564,-0.03920896572778969
283,500615.0,2599535.0,-0.018672449662449794,-0.04292156621816486,-0.04392873430200561,0.04225257280657658,-0.120974442056219,-0.07029247558896456,-0.004219330912316655
284,502025.0,2598545.0,0.018586085815973385,0.11663626986099203,0.041706698858888204,-0.014172046571325161,0.10266064687820733,0.1339466404486954,0.023706410600028514
290,502475.0,2598155.0,0.040917713005101254,-0.0356210523519805,0.06992928153958257,-0.04031255968290919,0.057354525700547714,0.013657353796355822,-0.0007583097403538393
293,502055.0,2597615.0,-0.026970964504280687,-0.03019493505225868,-0.013597046520050454,-0.050997172431648315,-0.07357526215028619,-0.054744098160073924,-0.012748067579448536
302,500795.0,2598875.0,-0.023540013195136978,-0.0052720091304378274,-0.031010499372606314,-0.06285195897812637,0.06453376019069905,-0.07836852111387528,-0.0010778018374722061
303,502775.0,2599595.0,-0.019929217593998745,-0.023421736302032762,0.0007056297749125936,0.02281891497114842,-0.09473611673400709,-0.06884974131033464,-0.023651036501991518
304,502205.0,2598725.0,0.10298278937116459,0.09357444482418867,0.001819861921278513,0.05834321951178933,0.06774156757546626,0.2415684765868259,0.06427066458686541
310,501275.0,2598245.0,-0.02532492321694418,-0.06564475900126458,-0.012408002164927349,-0.10508080824417461,0.05001879034172732,0.0030832734304184254,-0.035559265506030426
311,501785.0,2598185.0,-0.016971853416618343,-0.0295820779814441,0.007285830684654838,-0.1113228397201867,0.01083122145004407,-0.09891413032943704,0.012336527967666495
313,501905.0,2598185.0,0.15442201009500708,0.03536227526854395,0.08143360526948533,-0.03959251280386851,0.0651199924359549,-0.06388509770908729,0.08462968706930728
314,500675.0,2598905.0,-0.027843500767931156,-0.030817017582010605,-0.021136698211653506,-0.06063248778923333,0.049452352671440346,-0.1047811011748706,-0.010092697799009771
319,501185.0,2598125.0,-0.024441998833094,-0.04933373191461215,-0.051491002283088935,-0.09178492387067558,0.03823290350017089,-0.03665377694741581,-0.032106819801135
320,501365.0,2597375.0,0.02405751114250862,0.01985693816184385,-0.0317211870112635,-0.013926412872619986,-0.010750523615971308,-0.05154809756561398,0.009618319847017538
324,502475.0,2598365.0,0.12405684995215609,0.0013198874603572734,0.06547248192667443,-0.017694463595060255,0.06774603309494347,0.13020603328933653,0.06027340409308535
327,502925.0,2599925.0,-0.029193923291985394,-0.02889200295818056,-0.05147857132031899,0.06180852298104494,-0.0715514351764427,-0.10021731311138354,-0.03412793182750698
336,501965.0,2597225.0,-0.024770461036807943,-0.02549452061430706,-0.018188773058860123,-0.04704337309232393,-0.0676111486474113,-0.05904420890611161,0.015975840752058712
343,501755.0,2598815.0,0.003966080492162309,-0.02617939282951289,0.020629793614775422,0.07589034006978755,0.05581676363168147,0.24647426248709914,0.0032935977781331886
345,502655.0,2598095.0,-0.01099030092803678,-0.047564237035261,0.012542898283509843,-0.07106479074963938,0.02662450633092339,0.0028165411863441147,-0.004479228244313826
348,500195.0,2599835.0,-0.021483374098042046,0.0008536338966072102,-0.08020516333076515,0.017425401921578546,-0.10789324166470277,-0.09505046214105507,0.0006409673211396685
359,500225.0,2598275.0,0.004633862924791733,0.11716212543980646,0.033589063326532206,0.07919536079517593,0.1520414364979352,0.2124117937431498,0.06659197576522773
362,502325.0,2597765.0,-0.030609808587146403,-0.03441101246427043,-0.007188022885569613,-0.07183709064088777,-0.050578555897508023,-0.06632973476505856,-0.013681894528679172
368,501095.0,2599895.0,0.05524391111115958,0.017600671806114358,0.08007094528186123,0.09625297712360072,-0.026838825665884525,-0.005617038074128317,0.04774000817326488
369,502715.0,2598245.0,-0.005158874190223124,-0.014462241585160815,0.01855025726031258,-0.06200420814364786,0.02270623334115409,0.077624816549314,-0.009929550847140284
383,502655.0,2599235.0,-0.018385028004432435,-0.00505923656034876,0.04801039327349738,0.05269022383920119,-0.07433877367686956,-0.05154994573795116,-0.012671144720924225
386,500705.0,2598365.0,0.17144835134062464,0.11547181623876716,-0.0342678091438325,0.04541077916088783,0.058584710710865934,0.2488493101576382,0.08565622968474398
392,501845.0,2599955.0,-0.005637026074060564,-0.03281135095571131,0.017376750994704565,0.041292972227987584,0.011841781463479216,-0.0339940933587495,0.018455112846399415
393,501875.0,2599295.0,-0.02611294479758311,-0.07491356392611233,0.0007616894019018068,0.015861431280605947,0.05049973963805311,-0.07123298803529234,-0.03877829602126971
403,502955.0,2597405.0,-0.020271753125254168,-0.03937672200551707,0.016991563336664437,-0.05713135409987811,-0.062178499101807456,-0.04691123553964019,0.023796999967716302
404,502175.0,2597405.0,-0.022280822337705734,-0.03230407730989546,-0.036444251343254006,-0.04933533248018699,-0.07520980960751354,-0.06621850252811995,-0.010770632964754773
411,500705.0,2599295.0,-0.02363754576329419,-0.02464243654054619,-0.0011615068412140193,-0.054238974306126474,-0.02838539032467949,-0.06607408426753238,-0.01888262738790857
417,502475.0,2597195.0,-0.02524379022186272,0.004508424268646426,-0.042221271790456934,-0.03939139640237022,-0.0675759464509949,-0.10076720603745216,-0.018634146698842946
424,500375.0,2597795.0,0.010362583543639786,-0.056509659563567176,0.04573232591158842,0.1062600529467985,-0.049130220241765464,0.0655119860030606,0.010456752719448046
427,502025.0,2598005.0,-0.0037303182477267647,0.10213814722012188,0.018475712895399732,-0.0831096351536883,0.04095968342477578,-0.08721240687043895,0.007924635856874274
433,501095.0,2598125.0,-0.023446603323262656,-0.03227262734354014,-0.06042675463661576,-0.08916993694929859,0.03374133091291494,0.01398313241882375,-0.027077362430185277
437,502445.0,2599715.0,-0.041119703781779385,-0.026122833484513684,0.007754851589469001,0.023383609181918175,-0.06147883155435873,-0.05342012607570004,-0.023797733496302858
476,501845.0,2598065.0,-0.01523089246604825,-0.0016597625705625308,0.00025545641843983496,-0.12230350714325325,0.0012682274262008069,-0.10080628132939078,-0.002056823751969026
478,502535.0,2597555.0,-0.019796079472051205,-0.030815018494996887,-0.020527378482161966,-0.04491290630342663,-0.06723448043677153,-0.05910373375468229,-0.007957894786401378
485,501935.0,2597045.0,-0.021083091195907927,-0.03307705769090855,-0.023027189035782086,-0.05121067672770517,-0.059101794751964205,-0.06231235234704958,0.007727730487767905
507,501395.0,2599895.0,-0.03700570238851508,-0.01632043246280676,0.009046028037859723,0.03643749676019026,-0.010209372279336493,-0.028294910387890188,-0.021422942189689077
508,500135.0,2599505.0,-0.021941651447799665,-0.03200072318728043,-0.04611690537738811,0.017278590739593862,-0.10065110493425958,-0.09599592484698885,0.0016311763745796152
517,501245.0,2598215.0,-0.028991594259156084,-0.06821784281498852,-0.03708598557793555,-0.08789384049971277,0.046678497661942514,-0.0016747867341387682,-0.03349989321945703
523,501455.0,2598665.0,-0.013437298700075423,0.07873601322555017,0.01610495141362336,-0.006046990328515017,0.04679254944814046,0.21506662232175824,0.0054713410781187105
536,501515.0,2598965.0,-0.01122332799075198,-0.026175799105031716,-0.10559521128565792,0.03468890970816776,0.001228797283343812,0.28433336097086176,-0.03566811166943369
541,502625.0,2597615.0,-0.027007923917897386,-0.028203188385194526,-0.003892192398355236,-0.06644109104141643,-0.057962802207060994,-0.06745442455868911,-0.018890767101776975
547,500135.0,2599385.0,-0.016823720057778904,-0.027479274629264323,-0.04515982883616343,0.030247500218272848,-0.10251123639377797,-0.09758098480454651,-0.01649794756023398
550,501695.0,2599475.0,-0.025752922842696886,-0.057568507424836574,-0.015057477694687158,0.06375184712019967,0.06944707812175294,-0.11605975137574168,-0.01429579959767887
565,501785.0,2597945.0,-0.019694275676442646,-0.011150143297928392,0.01356859164334646,-0.11014174610906981,0.025763903062561554,-0.05579643956101955,-0.00664617234607063
570,502295.0,2599715.0,-0.025438614747663884,-0.050111746662367514,0.0313497529470907,0.06622869321999575,-0.016234071992667513,-0.025889945741651908,0.003842049027880413
579,501725.0,2598215.0,-0.008711525112057123,-0.017785673838207148,0.00397114763428262,-0.10809697473732952,0.00908212755007167,-0.09862643539015843,0.005206438817885637
590,502085.0,2597795.0,0.04302726986004368,0.05262119240138232,0.058969822697928435,-0.01656521338587134,0.028570429120558315,-0.02323187796232626,-0.00280698205213355
593,500585.0,2599415.0,-0.02867248583057584,-0.038629352315132225,-0.022026363766835474,0.026862756592538894,-0.12787290978443153,-0.06381619615482634,-0.013676678954968307
604,500135.0,2598455.0,-0.007036992124341234,0.0884428464159552,0.013397156824249938,0.0469962727641098,0.1435710625441313,0.34231265447816134,0.05139173791447105
607,502925.0,2597075.0,-0.018010095052212648,0.0022055402262513915,-0.050541551652880365,-0.03586819792429561,-0.06976184512489245,-0.09268732233733594,-0.01734849427960102
616,500915.0,2597435.0,-0.014890581634429183,0.004181543540740813,-0.0706283781615047,0.022977710681850422,-0.08869281346044426,-0.0771199553814838,0.011535393597395189
617,500405.0,2599625.0,-0.020107250144398955,-0.006531148360960722,-0.06998214089311995,0.016538734400111856,-0.11808648088505604,-0.10093971048691623,0.011281039660382264
628,502355.0,2598035.0,0.009773763662266266,-0.005689163176633956,0.04287845860255409,-0.06443289928218625,0.050200657528629324,-0.08663181376261088,0.008706987244353991
636,501635.0,2598935.0,0.19057301088116319,0.11293626741029664,-0.023637518471765238,0.035723587252603585,0.014863924302008572,0.23318911708344156,0.08969002252099216
641,501425.0,2598455.0,-0.022059430547933412,-0.07312304767161133,-0.024569247317777883,-0.09607279762932606,0.00949550631422669,0.025390375173192377,-0.03301876791118152
644,500435.0,2598035.0,0.020293674070049186,0.02763423037916209,0.07381472271195892,0.15375145179338812,0.12697381334283536,0.07440010063464499,0.022239026104480475
651,502535.0,2599055.0,-0.020336852036466332,-0.019873435371758688,0.01899378690318601,0.04445405052270264,-0.04099028876759503,-0.06413046109078537,-0.023327528326541346
661,500105.0,2599415.0,-0.016087918733375207,-0.02709336841867033,-0.038725142251487515,0.03146803018787375,-0.09480234422099995,-0.09487893327503111,-0.010716839882826417
671,500495.0,2599775.0,-0.02342486316838806,-0.0013978777699389172,-0.07612572600286918,0.025120128427068598,-0.09618752274036999,-0.10340620196169285,-0.01043135314522582
673,501155.0,2598785.0,-0.024720732387307067,0.019463225585299223,-0.11687819243209666,-0.022520172848388607,-0.0003154188169150042,0.14067457779891904,-0.02917397283775603
674,500075.0,2599025.0,0.01486316675039743,0.01876190853560913,-0.01077339694542577,-0.05513698130510924,0.08997361738742594,0.002520200315706539,0.06959621875665857
680,500015.0,2598095.0,0.030873660554746354,0.07202103952300921,0.04757933789432503,0.12827627489534402,0.15251973818589198,-0.06502117226698326,-0.012210874068829944
691,501395.0,2599745.0,-0.01741810175056478,0.01082726118819356,0.060632471957257385,0.11686573246832846,0.16073961194995076,0.014951888831555453,0.0035888869762056674
694,502805.0,2598095.0,-0.0009628378104296211,-0.029125797912704768,0.04561031120638141,-0.04993106942124804,0.012112244181439066,0.016362735399556124,0.02609321361364829
709,501785.0,2599055.0,-0.02068414288423138,-0.10510999331687398,-0.005010719245697846,0.010480227435458516,0.06765949791937842,0.09230643827913332,-0.04284510962775046
717,502925.0,2598005.0,-0.0036352436773755383,-0.020633337625494626,0.03202628294846576,-0.06041257308444614,-0.006956318164791227,-0.05660126084699651,0.00850729677424885
731,501695.0,2597735.0,0.0022944076778865425,-0.007310402188212521,0.038886283029652344,-0.0463678003697983,-0.01855806222631335,-0.022652580367739254,-0.005222871398913334
736,500075.0,2599115.0,-0.005422241792311978,-0.04116428229759803,-0.03423443599033174,-0.046990672368235696,-0.00759159323874252,-0.06736203606491076,0.02452058387445276
737,500015.0,2597615.0,0.1813775265631942,0.13429353803749391,-0.023032545451823202,0.0853530480035696,-0.02910320740672297,0.24977517059230347,0.08339117988139566
745,502895.0,2599145.0,-0.010161577301341054,-0.007751856356770709,0.042396842852982584,0.06606099884283523,-0.05739236994811084,-0.053712816662045956,-0.02150278870615987
764,502745.0,2597315.0,-0.02476428652192155,-0.03302446304845369,-0.0267803412161463,-0.044018421845615746,-0.06698567276474382,-0.06707703501131847,-0.021243488993510633
766,500195.0,2598305.0,0.0044473833638563505,0.10845640076530326,0.03177077720385852,0.07506350264986794,0.15481794885563469,0.22296685635847327,0.05582560568759805
770,500975.0,2599055.0,-0.020582796906027802,0.012588477487358547,-0.08150292179692502,-0.07656836665571318,0.06334764022972086,-0.10166272767367428,-0.03546586515694844
787,500585.0,2599955.0,-0.0038141712860141233,-0.032922202923616625,-0.03917882163046649,0.028818102968918784,-0.09493605005675211,-0.08564972430410421,-0.016069552903385628
788,500105.0,2599325.0,-0.017963252214546095,-0.04024257530863722,-0.046232780896273785,0.026334927006727932,-0.09847381478289599,-0.08781047292344525,-0.015961543981864928
795,501005.0,2599085.0,-0.017518847493572604,0.002960749622469291,-0.08205497984073742,-0.07855672578331212,0.05060038936013167,-0.09820712907004989,-0.032314064886185656
813,500315.0,2597885.0,0.014717914635661768,0.034554976811745845,0.07467079619807995,0.16065032787093722,0.10238846158221594,0.07405666048153474,0.03402483422579625
822,502775.0,2597495.0,-0.033141186974046395,-0.027849596342525814,0.005171042458358154,-0.05868752671397308,-0.05708610525017816,-0.05620383537187715,-0.01856801580398141
850,501755.0,2597705.0,0.014309986469897819,-0.015509203516181196,0.013858376927219954,-0.06043037816444743,-0.03780755113702745,-0.04567456278249173,-0.011314023405414127
851,501755.0,2599295.0,0.017835390021922283,-0.006460740812013383,0.03972362238697736,0.12689485680761411,0.12435036169474326,0.013125268606387405,0.009857707550334075
854,501635.0,2599265.0,-0.025744268471354904,-0.07119799187391894,-0.1151658387475686,0.01711771909825756,0.04330519505044733,-0.02080615806001765,-0.030058151433775313
855,501335.0,2599205.0,-0.02801275622842608,-0.02989084923447791,-0.13428758222254653,-0.07364536725093689,0.024661316001539584,-0.014202949366855365,-0.022551665511151946
886,502685.0,2598905.0,-0.023733780924172637,-0.03494609785172732,0.02911380315241646,0.030652418484465697,-0.06014132902813646,-0.049829222021782645,-0.009687329103835778
889,501455.0,2597945.0,-0.03590001474038094,-0.04664245482630264,0.004141897161349082,-0.10394023411068157,0.032305813348445435,-0.08561230219517264,-0.029720119255319515
891,502655.0,2599805.0,-0.04351078555900356,-0.019018497298456675,-0.01704713081027462,0.007602425663147317,-0.07861764451359572,-0.07763059971790245,-0.03494771481686173
906,502205.0,2597345.0,-0.021381559510247,-0.03511564417795043,-0.03854964240540764,-0.04805018344119876,-0.07095504045638097,-0.0646536945505419,-0.0120682867403261
907,500915.0,2598215.0,-0.016468854705454446,-0.054708184324255574,-0.004810033182917183,0.01631394594008401,0.08708761494387697,0.1297719047148741,-0.01705079878009131
914,501485.0,2597615.0,-0.032392491873211596,-0.048723538091934575,-0.004006977189830774,-0.041374251246014355,-0.05794088116573465,-0.06623354835790017,-0.0156213860014487
923,501545.0,2599685.0,0.003860534874092814,-0.005130129703761452,0.014954672145431,0.10821550362135594,0.13698370496828627,-0.03812488948669601,-0.009227712994290795
926,501095.0,2598485.0,0.010354067798368349,-0.02993042314663107,-0.025970064235200183,0.05727826751916679,0.07253825746735411,0.35228069623174846,-0.008456803074542761
929,502445.0,2599775.0,-0.039187941014822425,-0.024768038217583895,-0.003736429706888851,0.01617627039728951,-0.07477556965070671,-0.06786310695894386,-0.023892391896198278
937,502355.0,2599565.0,-0.01017560994585903,-0.021984577721836793,0.029398049186325423,0.05739456012666875,-0.022839925532392332,-0.05856201297822067,-0.010340216751257668
939,501515.0,2598125.0,-0.018858257212106228,-0.039391933902554244,-0.0007551104174787057,-0.0835213229989511,-0.00324456760616784,-0.08650272179416012,-0.006895873558870164
942,502025.0,2599235.0,-0.004571214771808396,-0.032059455443547914,0.03858042905936896,0.07430616440254457,0.07972952733477179,0.003751351579825937,-0.007642859917125565
946,501005.0,2599145.0,-0.019307309541646053,0.007833654107432432,-0.06272012545976711,-0.08591954508038926,0.03985081259513351,-0.12043066136765236,-0.031111568065854443
964,502325.0,2599085.0,-0.025374940027647133,-0.05120180464107995,0.03431415860423612,0.0460784664191356,0.044303989903724236,-0.015995437236259836,-0.011228919391948838
969,500735.0,2598005.0,-0.019525641061884254,-0.08529157829939771,0.0163701898194401,0.05750615177749797,0.05667431290146838,-0.049343633514609346,-0.04791228380373305
971,502475.0,2597585.0,-0.020303630072187346,-0.036198469534599154,-0.019025301601867533,-0.04671309852834921,-0.06392656859401429,-0.06612295686083879,-0.014383792989961916
1001,501875.0,2597465.0,-0.03034950132035143,-0.01800892638451461,-0.00526340523564424,-0.03567308637795314,-0.05141625824835528,-0.04670512449273003,-0.014153833384299121
1006,501395.0,2599355.0,-0.020196359532950122,-0.01558731438966663,-0.11260706301673107,-0.015397940385119227,0.04627871984402116,-0.0944161924159894,-0.03198290527062103
1012,501425.0,2599235.0,-0.028154339971739373,-0.04697645949246,-0.150944058160989,-0.02690439622752493,0.03408283520020373,-0.01670379494817272,-0.032912603817194346
1016,502895.0,2599535.0,-0.017586823599088034,-0.02342330846398336,0.01958645966234478,0.044158687175294066,-0.09546019557890607,-0.0582099884160785,-0.01866406423240485
1018,501515.0,2599925.0,-0.0019240120048718253,-0.0019729930277685086,0.03998448828980425,0.046530510792804756,0.10413749585269345,0.015922885438415076,-0.006376483388516785
1019,501125.0,2598935.0,-0.02130583476007467,0.002891651078889045,-0.13405929222078014,-0.0804274687148959,0.010289586084519804,0.06215979966161699,-0.030558041584376486
1048,501275.0,2598845.0,-0.04152152373136595,-0.00416131717347798,-0.1284869315983344,0.002117196229208223,-0.01329012046360328,0.20326501856972634,-0.05140599968044806
1050,500435.0,2599055.0,0.0014940679505910188,-0.0355987220098708,0.024284839375881682,-0.08422726941985635,0.05545316932345047,-0.0860506054364897,-0.03979985379858061
1051,502805.0,2598455.0,0.12606076293715718,0.09105168117108785,-0.04254485342840748,-0.0586754008092434,-0.042875440893045964,0.22617178294496318,0.07844135680967061
1055,500375.0,2598725.0,0.014818424221482187,0.06192645320500209,0.0012767805111974081,-0.044490378968061704,0.12072343610927849,0.1764474813952543,0.010923941515309498
1063,502415.0,2599775.0,-0.03529213595273687,-0.02776149095193296,0.008149219893206565,0.026560683713463075,-0.06494201784944623,-0.056373339110547774,-0.018758882667969216
1070,502475.0,2598125.0,0.0010223996718499494,-0.04218109288789838,0.05957056018551077,-0.05653050099903768,0.05678191298628472,0.0068943067181147484,0.003258238552891504
1073,502955.0,2599835.0,-0.024669969500377947,-0.023025961451722754,-0.04592259750555939,0.037147550563642905,-0.09234374407764431,-0.09431305065978168,-0.031122560044653472
1075,502415.0,2597645.0,-0.027476966711325348,-0.03497001314706964,-0.007778826275088191,-0.05660774621403156,-0.06710231393967732,-0.06815676355459348,-0.013907306666151443
1076,501845.0,2598245.0,0.024495468078936083,-0.02011402813092112,0.03998133241721562,-0.06526482034128893,0.035109504241394696,-0.08258518404946354,0.05432104940694927
1081,501605.0,2599925.0,-0.00879988286803939,-0.0028517042488737845,0.038898096390311866,0.08755413956934571,0.10814289558063203,0.028607883632618795,0.010505750706418834
1090,502865.0,2597135.0,-0.024250371237020736,-0.006278277495468264,-0.04656622754257124,-0.03692726885797057,-0.06522603136062174,-0.08977591514736015,-0.020348860739940182
1110,501575.0,2597105.0,-0.022182282820861734,-0.015503230203747208,-0.058789028610283234,-0.04107332321703706,-0.0547293571334712,-0.05840098079914019,-0.02117851583017774
1116,502025.0,2597405.0,-0.025533715616599322,-0.024187928835437075,-0.02914256821505672,-0.04607425518621956,-0.08210253830881438,-0.058162148075506064,-0.008534946883469278
1120,500225.0,2597225.0,0.18986564621496277,0.13518022248650283,-0.01555535841434654,0.08108549770654233,-0.02413328528122625,0.24875122874222272,0.08434462212361535
1123,500105.0,2599295.0,-0.018159526539305738,-0.05096846466310866,-0.042075070808867084,0.012942722692748728,-0.09253912066973445,-0.08231283198327864,-0.020005439022607444
1127,501695.0,2597075.0,-0.02663879066236938,-0.0011825105716205804,-0.03844761576859855,-0.04345246955579878,-0.060947713272334905,-0.05816512645491684,-0.0036023446662850084
1132,501155.0,2599775.0,0.038686435961924275,0.01725828591357798,0.05281343680508088,0.10110461996583618,0.011458722047279473,-0.004592184683645416,0.021963559292661843
1138,500135.0,2597015.0,0.19063892588755593,0.13479453077658876,-0.021177193078945868,0.08224041514742861,-0.020847130284934453,0.24949215230253138,0.08535200103317757
1145,500705.0,2598665.0,-0.0076974857972567975,0.07369706254245968,-0.005979144949350734,-0.057751324827414796,0.11746973634057022,0.16835988735638452,0.011471027429454769
1146,500405.0,2597645.0,0.00433812143120597,0.02062403302181961,0.04262666197757963,0.14950912339608557,-0.06283258310750028,0.18330928827746562,0.01603925692735897
1150,501695.0,2598425.0,-0.03221864429313306,-0.03798796033229548,0.0052662441244014785,-0.10579614541193857,0.00751787134601352,-0.06442605809971272,0.005111259426702277
1160,502445.0,2598095.0,0.02273850540628291,-0.01916173158260466,0.08518065368285622,-0.04702276553085981,0.07153710434307123,-0.010729525083675159,0.019066618130881428
1161,501785.0,2598095.0,-0.01378268122580147,-0.02726622888510621,-0.0024265187878116943,-0.11760618376405693,-0.00621857122910383,-0.09713414576254496,-0.0022585666714710186
1172,501785.0,2599925.0,0.004087664217593966,-0.009576576406217428,0.05172553034724708,0.09023520263994034,0.08551782577499455,0.018850711391004964,0.03413775647981516
1176,501395.0,2598065.0,-0.039288563784976374,-0.04512288738592321,-0.003986107313503007,-0.09146771237461544,0.02650506173252232,-0.09837700451695616,-0.022652527504289893
1183,500015.0,2598425.0,0.00022552135039460638,0.11804966994385874,0.02588299356944922,0.06082817170421453,0.15077844227948525,0.2614137771756886,0.04913923508083593
1186,502865.0,2599835.0,-0.021003956024654578,-0.008827778188363238,-0.0319887131637773,0.03937222330238002,-0.07212170957124728,-0.08550425407540711,-0.027807610711492996
1187,502895.0,2598725.0,-0.018616827544569683,-0.057844260422207666,0.027068143031277168,-0.02215837524248218,-0.08258042546831809,0.01588308991739735,-0.02004296295306862
1188,500015.0,2597525.0,0.14168811329625733,0.09997174866055517,-0.03858069115245543,0.07254654046001624,-0.041468793006579636,0.2378910363640024,0.07159686526061514
1190,502895.0,2599085.0,-0.007928580252213185,-0.014394078639646266,0.04509464699211936,0.06110186446283217,-0.04442028159087256,-0.059076676266156765,-0.009791381919571641
1191,501575.0,2597885.0,-0.023986080021752853,-0.03649771256183865,0.012251124145601896,-0.08679036588633891,-0.008575474071843761,-0.06872645073059178,-0.02009261529881037
1193,502385.0,2598725.0,-0.037630953633734,-0.05361342625951138,-0.008357844794069706,0.0040305762280382785,0.03812168788513953,0.12428770423450664,-0.03351844668421154
1197,501545.0,2599895.0,-0.009477832325238241,-0.008270125600978949,0.03654218889701939,0.049679610879914224,0.10179756509820405,-0.002260474094098811,0.003146896869117823
1210,502265.0,2599115.0,-0.009127155007405333,-0.04454562809305793,0.04434829956999793,0.07071625801519334,0.05601429146635236,-0.00962248855117467,0.024238871794689622
1212,502325.0,2599235.0,-0.002161075748115999,-0.008677790645014595,0.04648046881558188,0.10001250879219575,0.08218999106888368,-0.05631124278884152,0.05340382037806812
1213,501875.0,2597765.0,0.0129762376553424,-0.0005816378667221886,0.010463937629600701,-0.07517160628347755,-0.03565025534764,-0.04335488146109812,-0.009536139089085677
1234,501155.0,2598935.0,-0.03850443997163157,0.003092397145087615,-0.13328296954033644,-0.08329200642853789,-6.966695168990304e-05,0.05908339984688474,-0.034343902799966686
1236,500495.0,2598905.0,0.003652280670214827,0.0163127811492646,-0.0074302356194556754,-0.06087759347242546,0.07763690749024021,-0.08038408042485212,0.00358704587258905
1245,500765.0,2599565.0,-0.008920761158369142,0.009785816302346236,-0.021674572300311057,0.05576360929290024,-0.10579963105082993,-0.04923139328901717,0.006175934746488429
1250,501035.0,2599415.0,-0.015075203555005443,-0.035114530362182345,-0.05784809004441266,-0.0897720145455341,0.05228741691717332,-0.09915704540378523,-0.010124013192733866
1251,501605.0,2599715.0,0.006039531874254492,0.005071522460544682,0.06417775275682765,0.12756092761310103,0.1609665502037745,-0.014073713360325805,0.01253012943711102
1255,501065.0,2598545.0,0.15587612881325105,0.10533182122483563,-0.048760743767498255,0.01662281020767582,0.019248802783615734,0.22946110869982406,0.0791740374842598
1257,501695.0,2598695.0,-0.031315916175456086,-0.07693350672028337,0.004655372889908263,-0.0028371151706751726,0.005216059945858611,0.01579954223436147,-0.028143050945327687
1261,502535.0,2597675.0,-0.01972575822524948,-0.02386435502702473,-0.0031738784094720546,-0.08228232087238344,-0.051584244191246555,-0.06821992769128847,-0.01678933304365283
1286,501725.0,2599625.0,-0.020976463507223857,-0.024502038827009787,-0.015103667180335163,0.09237126642256725,0.1318637621006717,-0.03997378449262892,0.0006341513038904035
1291,501485.0,2597435.0,-0.024499947647739134,-0.013215891707335628,-0.0464135140634711,-0.0380485737438941,-0.055816167942268596,-0.07913156911803851,-0.01949043390135146
1292,501005.0,2597735.0,0.014501702468712968,-0.007482674777257205,-0.06658203416662885,-0.033625291238742576,-0.06168557891497133,-0.07917845745930821,0.015062273325428486
1297,501605.0,2597345.0,-0.026063620571454196,-0.026432660634062678,-0.035093646143550455,-0.045130252627166585,-0.06270115173150999,-0.06822965940810029,-0.019804753472901337
1302,502835.0,2598785.0,-0.003541574107554069,-0.05702186776121655,0.02062530047932375,0.021061530019751126,-0.06939643908841267,-0.018021472254635088,-0.019940419802257716
1320,501185.0,2598725.0,-0.03330138086526043,-0.0020378003344190335,-0.09098953243934228,0.009780074149274941,-0.0015696610801621501,0.26219095638261847,-0.02931505573958238
1323,500405.0,2599955.0,-0.02263178412945411,-0.0018674055341338306,-0.08593471671642382,0.02627663607584783,-0.09588899489937718,-0.09526255595720287,-0.017135559791637427
1327,501665.0,2597705.0,-0.022796118217046205,-0.023172788889831233,0.018942792117788456,-0.07094200288551467,-0.05470067804896752,-0.040879778384535936,-0.016488424917813427
1329,501605.0,2597855.0,-0.023460401063535214,-0.033884559834251586,0.010869031056629008,-0.08914782012247556,-0.028562024222889993,-0.06587658972189347,-0.012634590859038293
1331,501395.0,2597945.0,-0.037311225720183826,-0.048881108716382855,-0.0032819829732231107,-0.08736726775531285,0.04420441584299427,-0.08278678640426647,-0.03533964767022984
1335,500435.0,2598155.0,-0.004518180052385499,0.046717528548509385,0.062121399346767844,0.09370479097601803,0.09485025117817517,0.16992614673859335,0.03043880218862413
1355,501275.0,2598035.0,-0.021746941997788986,-0.048917596589813254,-0.022573800300680135,-0.0675655036441866,0.04626267691393131,-0.09442489655726453,-0.03345233169176913
1359,501005.0,2599655.0,-0.01585813661081028,-0.02392895804801206,-0.05877520227200047,0.0372588493144557,-0.09692963052780114,-0.06772988413299375,-0.015641002147303223
1362,501605.0,2598545.0,-0.01518342487341989,-0.07032892378322446,0.001682265724722203,-0.09343383357753085,0.011845475665900999,-0.012924502661095391,-0.02977355536249917
1363,500255.0,2599955.0,-0.02000610819471635,0.0007045855436263932,-0.0799876468194398,0.020463348094695855,-0.09524207307375718,-0.09689520684791145,-0.015101319337418867
1368,502295.0,2599505.0,-0.02165254704086238,-0.02786600379267608,0.019858359406576646,0.05318344483560768,-0.004832860863599598,-0.0730034125815884,-0.007593829819483975
1378,501995.0,2599355.0,-0.014677942798667467,-0.04212855173740437,0.006115329031798136,0.044557814548796024,0.07075044085921453,-0.10488034451115802,-0.03627933206081271
1380,501335.0,2598065.0,-0.0358725169760181,-0.04715893756531907,0.014772579438332217,-0.0742271159512925,0.0412863653534499,-0.08612311999892586,-0.03239709427071496
1381,500165.0,2598575.0,0.1484388966022757,0.09579254131323021,-0.02620516271144727,-0.012531124434375639,0.057554413912164884,0.2376722367415874,0.07520707916467906
1405,500765.0,2599295.0,-0.031123044022327614,-0.02099456325084438,0.013396135463773573,-0.06827968879859955,-0.003615923477795846,-0.06212525649232659,-0.009325915402741379
1413,500015.0,2597915.0,-0.012941278188544217,0.09065471843158579,0.05825291403250811,0.1396661464276869,0.08678187735345799,0.10806932803808177,-0.0137553835466689
1415,500705.0,2598875.0,-0.0314165146974432,-0.02890899949173346,-0.011196749420567828,-0.0504257903032206,0.0691510224537702,-0.09535646041480715,-0.005567436876984808
1418,502025.0,2597285.0,-0.01221989265012595,-0.007673413813728073,-0.011132625669516418,-0.037001422260983664,-0.05392431558412429,-0.04416278462371791,0.03680724611786984
1423,500585.0,2598575.0,0.010329345297659224,0.09873910942743798,0.029983265277422247,-0.015212086045416512,0.14466416291305007,0.28569334466771795,0.003592834054475316
1434,502715.0,2599595.0,0.00933804572562275,-0.002404690542365432,0.058712313629244665,0.07382849531810146,-0.04565212952258561,-0.01787440985846424,0.003362152721341007
1436,502595.0,2599325.0,0.007623432386312728,-0.014534981514745453,0.045396476298656556,0.05970246393855806,-0.010271449262500301,-0.042413852069891796,-0.021129363859032708
1443,500495.0,2597615.0,-0.005779761646424005,0.012758498717200055,0.007216597512354948,0.08557177198922829,-0.10440835887249231,0.09777621945285167,0.008647294297043863
1446,500165.0,2598245.0,0.007580426940985385,0.10523198678643399,0.029298071695327416,0.0871639516001258,0.14751829531707347,0.18138089731558638,0.062338421848517726
1451,501065.0,2597015.0,-0.015224422129973061,-0.010275032591712982,-0.06577278329630833,0.0206480125219304,-0.08970786011129214,-0.09180610545472695,0.0023934646218568604
1457,502175.0,2597045.0,-0.021411561532743116,0.0043177199771084595,-0.03726739542204764,-0.04229091569318506,-0.06894004592711482,-0.09973918780041255,-0.01935505804605001
1458,500315.0,2599565.0,-0.0221965979266557,-0.017766488271057652,-0.06343851577173751,0.012202777147036669,-0.11091511263625399,-0.09661957789448714,0.005297070908710552
1462,501455.0,2597975.0,-0.030757848377178605,-0.03815582028493685,0.00091074956918026,-0.11270094963202534,0.015393057780110402,-0.08250272411780842,-0.025907478978856393
1473,500195.0,2599175.0,-0.004113987039639565,-0.043727117321360406,-0.03257639147872647,-0.040870733011645906,-0.04661964249943862,-0.07213770494932542,0.012374630246189644
1477,501185.0,2599145.0,-0.02016771698564998,0.025260630945075014,-0.1520527193156103,-0.09446937292305867,0.03718611185662283,-0.014281448149998039,-0.02514407272896943
1478,500135.0,2599535.0,-0.022821124750874736,-0.038017602830537726,-0.04369278969182635,0.019733393414834943,-0.11195246520275154,-0.09196612051783701,0.005564709856491457
1480,501095.0,2597915.0,-0.006093917780735403,-0.035733205165951326,-0.06438324822596687,-0.04995323107623586,-0.026044800048936084,-0.07665343698650702,-0.01697750781301485
1481,502775.0,2599745.0,-0.03540195204319835,-0.015334984407977887,-0.013746944144202675,0.008236747513980094,-0.07746228232954439,-0.0764754071940338,-0.03888474566009144
1493,502055.0,2598395.0,0.03659018020161548,0.09675897787792943,0.07803033184836324,-0.020913442694519356,0.08985253746262017,0.031699056700917806,0.03512105470435787
1510,501275.0,2598125.0,-0.02417606551562635,-0.047296301196632994,-0.02661240464547822,-0.061094685953316644,0.04313013867646602,-0.0846437606277612,-0.03683217506502314
1512,501545.0,2597555.0,-0.03239017184912373,-0.04211232339987755,-0.003005017296903252,-0.0408323723474282,-0.05871712812257678,-0.06330610825003856,-0.01625105516872871
1524,502235.0,2599175.0,0.005803250966868058,-0.006984019197182234,0.06798686778276584,0.11009917234461197,0.06920249378582603,-0.037155691887787626,0.06676247619085947
1532,501935.0,2598425.0,-0.005604296028596256,0.05908759509168846,0.010300104312332909,-0.05674255097467207,0.051634508755059115,-0.020223115367424743,0.0009989742827356375
1535,501635.0,2597555.0,-0.020604217661112634,-0.016161178907302447,0.012083630251904651,-0.028718164745605387,-0.028826879102365765,-0.039020545357135256,-0.009646046181256075
1550,501515.0,2599175.0,-0.033684207828931105,-0.056041786315113216,-0.1515060971187639,-0.00825366106227414,0.03945018009523976,0.05232767355189449,-0.03391028151440981
1563,502865.0,2597705.0,-0.028157692319446356,-0.043640586844964135,0.01850916764856022,-0.07358008831066802,-0.05608220619199872,-0.0699758846592763,-0.005422545930043565
1571,502235.0,2597855.0,0.012622990227887867,-0.012489498659484328,0.021902828223067314,-0.04877848576193157,0.010682716350627256,-0.03896674228550329,0.006632074737158812
1576,501845.0,2597945.0,-0.020098329725228865,0.015182831446704037,0.01929645728150871,-0.10861043974457575,0.02984714425916327,-0.07182910769630192,0.0008498248274930763
1577,500225.0,2599895.0,-0.022825098297564978,0.0006541134846979509,-0.07976219982986286,0.019239478771355,-0.0990240007097349,-0.09423560486467088,-0.012050593316124654
1581,502775.0,2598395.0,0.01450498607355292,0.030169497588294892,0.028285741593083835,0.005476596136659089,-0.004942180624890709,0.2830606932093967,0.07320313165304553
1589,501605.0,2597375.0,-0.025549748665866456,-0.028545700510569,-0.0280876923539831,-0.047044892234229745,-0.05837783277136687,-0.0617059369809795,-0.009359773850083198
1599,500705.0,2597495.0,-0.024202695206881623,-0.0015526067492140443,-0.05490594771964388,0.0161498346371431,-0.11226216854200181,-0.09512275467716222,0.002591484444905166
1602,501665.0,2597675.0,-0.025518690466961463,-0.026299108497349885,0.016943211233953537,-0.06215849638483536,-0.051801747127505036,-0.0516906795912435,-0.014753926509416832
1603,501725.0,2597795.0,-0.011787886869149318,-0.01239416736884795,0.023016513468353397,-0.07329955581390064,-0.043569702191621984,-0.05201832065957605,-0.011508623322500603
1611,502595.0,2598185.0,0.0051431157281908784,-0.04509911309592373,0.011514098121682087,-0.06266317127007086,0.045717751210313046,0.0700664221108742,-0.010634077330541076
1620,501965.0,2598665.0,-0.01326271555460793,0.01549857250164901,0.026000769363384482,0.021163523577719442,0.09401703595137056,0.10893793352374555,-0.0017452890040778701
1627,500045.0,2598335.0,0.007999214757077494,0.1130889941027286,0.027101741876385914,0.08084410671585666,0.15054371269976982,0.19016245046394775,0.06564433338578733
1634,501305.0,2597435.0,0.006627472546969081,-0.015018036828446175,-0.052583617211373175,-0.029753972483957097,-0.04826593065130287,-0.06266507834402667,-0.0009678258135874385
1635,500945.0,2597165.0,-0.022199054489612537,-0.0007656494533200473,-0.07005391646278708,0.0030865209767506592,-0.10057498930555357,-0.08649441604795477,-0.0001285654805932861
1638,502295.0,2597615.0,-0.023785553172894006,-0.03195190990849018,-0.020961371228357565,-0.042062262526137144,-0.06834953802716567,-0.06045243062061581,-0.015180960268366149
1644,500285.0,2597345.0,0.16837525367930747,0.12080264845546752,-0.010501881333274014,0.08239624401539279,-0.0264667900862237,0.24122358734925092,0.07930558209442336
1650,502565.0,2599145.0,-0.013903372151253464,-0.009076694435836391,0.046737377125059675,0.052747306625756246,-0.044720317938968274,-0.054956593211851035,-0.019903646582142533
1652,501095.0,2598755.0,-0.009134818217864325,0.01337439856662748,-0.09885064136025754,-0.052440321366660124,0.01680147581616218,0.17276203760028686,-0.03099130154752501
1661,500525.0,2598545.0,0.0027356414340756812,0.09844266329712362,0.023255738363152922,-0.029354045839616406,0.13396610365784553,0.29216320459735134,0.00202105608530062
1675,501815.0,2598515.0,-0.007652740065543108,0.002130518332659977,0.02619026362383015,-0.06041774839170357,0.03525094637719767,0.01816711294656765,0.0042660936879965845
1702,501335.0,2598605.0,-0.017859106298981086,0.04120797675873307,-0.12036806879916455,-0.02501572360072594,0.0116951412686484,0.15916450065940527,-0.027405959180095904
1707,502085.0,2598035.0,0.007431856534138278,0.11791515323089079,0.04420871997309795,-0.05448280931864333,0.06125081816570264,-0.07038398337878483,0.018787685891714357
1708,502205.0,2599655.0,-0.0380073908637391,-0.05789512302752338,0.02495602954573114,0.035982298772527746,-0.011534450449457168,-0.07508847774350991,-0.02629542420912672
1711,502295.0,2598605.0,0.00047018876989639454,-0.02856336766441982,0.03325687447746904,0.03938257517063471,0.09734009410678532,0.27460679093147156,0.014997407783218099
1718,501935.0,2597675.0,0.009951006904732317,-0.023475779892871612,0.012861684402056464,-0.04975835356318662,-0.04537108741623353,-0.0325839080970062,-0.013974180435079806
1723,501305.0,2598125.0,-0.026416645224287782,-0.04827025668590139,-0.024873931882013426,-0.07150001032531021,0.03369759569806226,-0.08454584414544798,-0.035561133457446006
1725,502295.0,2597045.0,-0.008290628376820642,-0.00020579118304144881,-0.04636678285037844,-0.043340836827461815,-0.06762622169167866,-0.10055792843672508,-0.015808300588384304
1731,501215.0,2597525.0,-0.009279861937801179,-0.011948611699261022,-0.06352727942337127,-0.037262433257734984,-0.05667103645591076,-0.06933660257021132,-0.005200745640279881
1736,501125.0,2597615.0,0.0020519500021793187,0.004352294559108609,-0.05799729441152325,-0.034714932387131504,-0.04681766498971624,-0.0699607514775824,-0.00219370902094226
1741,502715.0,2598095.0,0.0031488716139523782,-0.021470793163716556,0.04012433240958916,-0.04908330715733187,0.044308137187504856,0.026872366201522436,0.02031319371912347
1747,500945.0,2597555.0,0.005034412049036563,0.0025091398053415834,-0.06078577043026112,0.02754810423879788,-0.07451381043953627,-0.0690747961771812,0.0012222338853146017
1751,502055.0,2598425.0,0.00652470216657007,0.07612471733819556,0.05237503821413813,-0.041815657345359455,0.07871829730837308,0.03158525430641068,0.01577699901361092
1756,501755.0,2599145.0,-0.029335939125668033,-0.09715203924406947,-0.00505295156760215,0.03871409794814685,0.07226758323213524,0.046256979424267264,-0.04315725467227281
1762,502325.0,2597615.0,-0.022988112301641713,-0.034265435487232224,-0.020852492934994648,-0.04539006715437012,-0.06707475764023027,-0.06540302699177666,-0.01511144470809209
1772,501335.0,2597615.0,-0.023162201675646955,-0.019801619490668936,-0.042006373671091585,-0.03982986904820681,-0.06549171551218566,-0.07522280754144213,-0.020812730521075924
1776,500555.0,2598875.0,-0.004130991360275034,0.005000985158545241,-0.028822594766448512,-0.066625395868749,0.07255964679732017,-0.09076609840256494,0.009931693184357255
1781,501455.0,2598005.0,-0.013807284623341815,-0.03448143539565839,0.0035818114673569477,-0.10698628367864628,0.013491310766517238,-0.07452769461025534,-0.019633573609622708
1791,500945.0,2597015.0,-0.02068438300446482,0.0013570998011932674,-0.06063036476249663,0.010680834121613048,-0.09836006388684004,-0.08902020810637296,0.009862321200044091
1792,502025.0,2599835.0,0.03468412179348216,0.015312626598533571,0.06949901927701801,0.11068740691473232,0.07214538729364978,0.026020230013051652,0.0432644137698846
1794,500255.0,2599835.0,-0.022719366134444106,-0.0046869029756827826,-0.0800961522871581,0.018236555024053355,-0.11043988554259421,-0.09177634455110535,0.0026944615462949355
1795,500375.0,2598605.0,-0.005184435857887212,0.08004109213894396,0.026121990933935173,-0.028349755982428827,0.1307012731722391,0.31419517202837766,0.006962142507211007
1801,501065.0,2598095.0,-0.003363971656220733,0.01125646670119966,-0.04709830424217476,-0.07535856643421741,0.0744204819388169,0.021574376183766453,-0.01607327431630382
1802,502355.0,2599475.0,-0.021355238497745326,-0.028299907968260988,0.02867998259683207,0.052533335792138015,-0.007371870164292945,-0.05924602031672,-0.007991414302554477
1806,500105.0,2598125.0,0.029983722533403097,0.09869235029108651,0.039984491635991666,0.12427492952138168,0.15381160741743752,0.061750400805601034,0.008513557235658331
1807,502625.0,2599235.0,0.016523610306043806,0.02012743900110694,0.08135531312737923,0.09593187415946353,0.01514912547585807,-0.004723687363748446,0.007859473320965024
1808,502625.0,2599505.0,0.021250012829106848,0.01793903480623904,0.04877497010489053,0.058912822224958986,0.0010801542586095154,-0.027881096299328424,0.002695258402340785
1810,501635.0,2599895.0,0.0009599610801418945,-0.0014114052162884287,0.04084554868127312,0.09847126628728586,0.1136275970410465,0.019882157931599097,0.011761600452344438
1812,502895.0,2598305.0,-0.043669502882871934,-0.0391958862424574,-0.010203693432284932,-0.07612464187149855,-0.0782432833861841,0.07705800787993813,-0.0005830496229274444
1814,502055.0,2597645.0,-0.0319964043863823,-0.02664801929818059,-0.01029282047820423,-0.05645051430861032,-0.06858917277392435,-0.06109189893759735,-0.014838428169859832
1816,500045.0,2599715.0,-0.02217632029102232,-0.0026334346199269718,-0.08086601937197281,0.012619394177570064,-0.10922969443842136,-0.08939672508628325,0.008440799630055763
1834,500375.0,2598965.0,-0.004114716864065513,0.002799162001485341,-0.009064850243642402,-0.06885414892601212,0.07989261736798128,-0.08681819947034121,-0.030008979233698222
1835,502685.0,2597465.0,-0.022316133332112433,-0.028462214090330874,-0.007003223601929753,-0.05311928545326592,-0.07876128471027595,-0.06045149523687882,-0.015996592568436146
1839,502565.0,2598425.0,0.023729097477520004,-0.015880295388482842,0.03705976069052284,0.016892345412670488,0.07196854837923528,0.3217106050852992,0.07422208773958817
1842,501125.0,2598725.0,-0.029663947985283632,0.00039180446347123377,-0.10837614584012291,-0.01739643772405066,-0.0003701080907121073,0.17385619835383634,-0.03190237333364901
1844,502325.0,2599055.0,-0.023957624537512028,-0.06013334216140721,0.02968566406209816,0.0424941883543763,0.037353673829318625,-0.005983898818168349,-0.011593290158099765
1855,501515.0,2599775.0,0.014675585009842031,0.014909532368431712,0.07394428088575447,0.13459800925874874,0.18532419897703542,0.048930533848150666,0.01713606023576459
1861,500735.0,2599505.0,-0.0175418520954364,-0.021388310767543852,-0.04239926930990162,0.03925679783235113,-0.1240549181609161,-0.06015734947408489,0.0016567427915775374
1862,501185.0,2597525.0,-0.007680391760345243,-0.011504647590697975,-0.05624504900429644,-0.035000567539316886,-0.05905025105575539,-0.0700896301901707,0.0008912464900565661
1866,500795.0,2597165.0,-0.018517603513134997,-0.0049057366550578985,-0.07802298401772646,0.008228733243033817,-0.10463379924542877,-0.08778492607337787,0.002855355222729916
1871,501215.0,2599775.0,-0.0024069709825708108,-0.004237154726749004,0.03645557053285955,0.08965362397797846,-0.004842868571723522,-0.021653060059916865,-0.011370515516753527
1885,502295.0,2598365.0,0.08200695951712558,0.054641200209555985,0.03770809186434597,-0.02160785995382627,0.057085697737561884,0.07613598721552642,0.006005774744821694
1894,502295.0,2598335.0,0.13414072281267217,0.06288139367339836,0.04630399261289544,-0.01842818304625418,0.06742647264904104,0.09604694282190865,0.012174301131241922
1902,500015.0,2597495.0,0.1647043632750024,0.13554810813948015,-0.036233360174398495,0.0766479604598706,-0.03105975008572377,0.24255799204318176,0.07760538116704929
1904,502505.0,2597975.0,-0.016350600242356843,-0.011411352676559187,0.005687427427559431,-0.08119001803926733,0.006611889889089003,-0.0837908530463752,0.000865985591358601
1906,502535.0,2597645.0,-0.02724906450963721,-0.027416249691204625,-0.007193433262332603,-0.07337198272700195,-0.06052597506991582,-0.06764132785748839,-0.017980330518783522
1911,502835.0,2597855.0,0.0020690395102857906,-0.02796383156399902,0.023073513153403377,-0.09088875970529135,-0.035064539026666085,-0.05207466773443032,-0.013570323796166019
1912,501665.0,2599685.0,-0.014368630020625096,-0.010065926786845512,0.012460586245447275,0.09122475041445371,0.12183373639048804,-0.04449363163552441,-0.01092632711260201
1917,500105.0,2599535.0,-0.01870223552194386,-0.04102127392922925,-0.04273691533137381,0.02125987451955224,-0.10669979182894215,-0.09280157155084451,0.00022848534885192153
1924,502085.0,2599445.0,-0.05500323675695901,-0.05454315770477611,-0.013726192073655802,0.021624853371536724,0.04574448427372711,-0.09835183168506804,-0.03125330663236873
1925,502115.0,2597495.0,-0.02108289612430828,-0.031992609714405776,-0.02734126034074368,-0.047026421677825864,-0.07934877918009287,-0.06577926565124258,-0.011874140327255226
1927,500405.0,2598155.0,-0.015600471750209701,0.06178298890508799,0.05261354276744398,0.08857948024655138,0.09070742898571518,0.147937023035897,0.015862503261602802
1931,502865.0,2597495.0,-0.026533505502172483,-0.028429654883319614,0.038691676166705324,-0.06065424618034315,-0.04835193147352504,-0.04210758737689754,0.010511565573751807
1932,500165.0,2598665.0,0.0173328667717817,0.06993368331511834,-0.015287814242340962,-0.025174092079637538,0.12993782917714666,0.32434540861473754,0.07319491471127072
1945,500015.0,2599025.0,0.03959843326652968,0.04884129426198671,0.008532978009393153,-0.04738238348345782,0.10646664356606912,0.04846815500416751,0.09047966241253455
1955,500945.0,2599565.0,-0.016992030289968273,-0.01056906603739052,-0.043541993137178395,0.03301985875644824,-0.10393721786258232,-0.06545969307438687,-0.01220804520902464
1968,500975.0,2598335.0,-0.028809870440634704,-0.06697604120804096,-0.052714567918456946,-0.009142586915859742,0.08010367257299646,0.14138880689810884,-0.03303287103986522
1971,501815.0,2599625.0,0.055420195099675065,0.0010126522755028304,0.06639165770587098,0.15610309743653458,0.18203309830424227,0.021336292385890188,0.035886068357823264
1976,500735.0,2599325.0,-0.029853811229229078,-0.028019170195287855,0.001099339129128004,-0.06261751257972761,-0.04075377315593826,-0.06659126003239818,-0.011568429874165023
1981,501665.0,2598665.0,-0.03581845971562813,-0.07294801248931558,-0.008286264636055148,-0.061953387481427556,-0.012223140935795476,0.0435219817669313,-0.04063791886191202
1984,501185.0,2599325.0,-0.01802669976381337,0.0026268351989254873,-0.09300858433716566,-0.07161623929078864,0.03530447231339973,-0.11388555084673271,-0.034636233273826075
1991,501305.0,2598155.0,-0.025699107470343197,-0.04785845616570772,-0.020500350118570966,-0.0606865583901335,0.04261926758575312,-0.06134071275209084,-0.038887217469159775
1994,501305.0,2597615.0,-0.023300114354115362,-0.013976449210118796,-0.044239172034458395,-0.04216949677076894,-0.06663316557374843,-0.0793094899308144,-0.021858159745023736
1995,500795.0,2598845.0,-0.01925585548674702,0.015839824350416,-0.018610039426206693,-0.05623112429443258,0.0830899495117391,-0.03714286035810752,0.005315289483610271
2002,501215.0,2598575.0,0.008485987013399997,0.0200384842917474,-0.06776715600596839,0.025112219780878357,0.026322400452997406,0.32318914784843683,-0.014422487000748906
2014,502925.0,2597525.0,-0.02626794730429651,-0.036996252401515634,0.026687566531088433,-0.05475456245173941,-0.05163254341383408,-0.04219086164621642,0.02267154435722182
2025,500735.0,2599835.0,-0.0023146135888454447,-0.0036255761020689147,-0.03535779929507208,0.021131264607709706,-0.08269133847958844,-0.06841764416289359,-0.010109718997668238
2037,502805.0,2599895.0,-0.02851827713278975,-0.017078376755323043,-0.03399439726496859,0.0331894592724782,-0.07549525765546487,-0.08613311826988422,-0.031875875295392736
2038,500015.0,2597345.0,0.15608792077309774,0.12981669064053983,-0.03401307140325348,0.07664397758804617,-0.0246689252388007,0.24296140249229164,0.07939561633722186
2039,501215.0,2599265.0,-0.022341662580923807,-0.000531007389689748,-0.10341149680409473,-0.06763723248353853,0.03734371662084828,-0.10120594664705199,-0.029853662923342773
2041,502685.0,2599805.0,-0.0428967479723773,-0.01937055314667781,-0.02188149771238092,0.007850564254771214,-0.07788304915698889,-0.07648497254493548,-0.032705179344268344
2045,500645.0,2598725.0,-0.018547576437118712,0.06504826072902972,-0.019979601204289703,-0.0908303901787248,0.07789795897653493,0.050536780173380334,-0.0014620665909467394
2048,501095.0,2597765.0,-0.008213744987492635,-0.00990194017542226,-0.06126722930279353,-0.04201113867113538,-0.06109470196419166,-0.0861395997208328,-0.004071687136173326
2052,500045.0,2598875.0,-0.05134813910815971,0.014828943619405389,-0.05118103631689731,-0.08511150628494027,0.028280522368109913,0.06683245222932442,-3.3368107267904096e-05
2053,500045.0,2598665.0,0.17346176403556954,0.11139181845853266,-0.028299987000329527,-0.047668858718638685,0.05240352584486683,0.25132111390961315,0.08305348662220359
2054,500735.0,2598275.0,0.003642572098201702,0.06694586310174787,0.050915585099535934,0.09491699095579528,0.12383635250930526,0.22162519564106845,0.00487404615545126
2057,502145.0,2597495.0,-0.02102656459868454,-0.030805270564677894,-0.030105800830613344,-0.04627069289869088,-0.08048410147373994,-0.06702041354949452,-0.01095475132219573
2059,500285.0,2597045.0,0.18312590252983174,0.12321615821862064,-0.014211436055387872,0.08568274568192553,-0.02342084917868133,0.244571120000595,0.08340515771159598
2066,500165.0,2597855.0,0.003204688561154891,0.0874257991712321,0.07336181803162711,0.1723516034010445,0.08566046041778665,0.16030942888191474,0.03822021121527458
2069,502595.0,2599775.0,-0.040017459008716415,-0.016112214394600873,-0.002823966816043341,0.015266623640386334,-0.058556019236156054,-0.08064873319007966,-0.04007998734954689
2084,501695.0,2599265.0,-0.010871900566725776,-0.0602330221320394,-0.033464063694380985,0.05097344626637866,0.07558080486403085,-0.00960555043754309,-0.017189309747750417
2093,500345.0,2597765.0,-0.004232358201748113,-0.06803505061928138,0.03031632965490305,0.10996803885350143,-0.0850801619924584,0.06505435056322303,0.0035316882984929784
2095,500495.0,2599025.0,0.02099500532266581,-0.0040993923190783335,0.056392264018839414,-0.035350926873984355,0.09989431687214687,-0.05787651030638772,0.004505275730477399
2097,500915.0,2597975.0,-0.005305849998052139,-0.06549582891825025,-0.05798802730599213,-0.007799804425497187,0.04324272266580266,-0.07547956363086167,-0.040149582968219584
2109,500165.0,2598515.0,0.1706474071404954,0.11326156749556933,-0.03024421225684244,0.013125514372970534,0.056529902391820375,0.24825873412051008,0.08367827790190155
2110,500885.0,2599265.0,-0.026106691640958173,-0.04835109072741927,-0.03083190773634268,-0.10198316417463076,0.04890480660809951,-0.08458492949463418,-0.022800677845769838
2115,502085.0,2599355.0,-0.045709342764489666,-0.05394124567163257,-0.01066399223436728,0.026621907373210196,0.04373469881349313,-0.11501730846355154,-0.02273600266900626
2121,502445.0,2597825.0,-0.010814458855062416,-0.03787164038674153,0.0017494846572892085,-0.09645630850543506,-0.03454053870935565,-0.057056090367259144,-0.005021623102610625
2125,501785.0,2598665.0,-0.00270113664305338,-0.018845045221184707,0.03007713146810517,-0.014885370002447473,0.05802244288912757,0.13624870472134176,0.019360493763214068
2147,500435.0,2598605.0,0.0004691042938782579,0.0945169150143363,0.029528205455643955,-0.029308173638360836,0.1373989457299726,0.302605938263462,-0.014344891760502928
2154,500855.0,2597705.0,-0.007621221191498383,-0.009913345374773128,-0.07112224027634659,0.02442037068402374,-0.10609136692201389,-0.10002214865663761,0.003910982040274932
2155,500225.0,2599505.0,-0.021082980066127795,-0.023491027206320483,-0.05149479976983986,0.008851359733105834,-0.1078488861543955,-0.10150508258363378,0.010744709087503952
2162,502655.0,2598005.0,-0.019980266636348505,-0.034489377329346864,-0.0024612245452946073,-0.08494516497182628,-0.011413541701449672,-0.07234125290359338,-0.013627239178209046
2177,502655.0,2598875.0,-0.025690131236324593,-0.05404867103611588,0.008419885897136508,0.014493155251538046,-0.059479491481044325,-0.03625274606080514,-0.022636838937957645
2178,501215.0,2597315.0,-0.014229694617442869,-0.0050793684708858,-0.04115126453287158,-0.017270883413676653,-0.06634017428336407,-0.06428791302216613,0.028928745879795888
2179,501185.0,2598065.0,-0.0176542345472499,-0.028448153091790624,-0.046579740336089366,-0.07468410641462363,0.05452098281687958,-0.09403221282179319,-0.03546020382600154
2181,500045.0,2597525.0,0.18081153010677184,0.13441638974797374,-0.021791414143206206,0.0856974620927536,-0.02772138491657465,0.2513844511200685,0.0816816550106031
2191,502265.0,2597795.0,-0.029826747914492836,-0.025098249309759874,0.008488884391011862,-0.08589222218696728,-0.013016620360284127,-0.05837844984570144,-0.011854467234678936
2192,502235.0,2598305.0,0.15471714156571134,0.07484218866371276,0.05278731342128321,-0.019392288211350653,0.06538224522842584,0.035620102804505546,0.03240674336845361
2200,500555.0,2598365.0,0.16628195222007014,0.07399875073366563,-0.03225224644473112,0.046630422844188384,0.06487192291946613,0.24794928068876843,0.08164074578070893
2208,500975.0,2599265.0,-0.011566185977069031,-0.026945957793379473,-0.040244615047811544,-0.09258285282052986,0.06581072374334823,-0.10172685527871453,-0.01441370437829159
2219,502265.0,2599805.0,-0.007279652114924905,-0.01457997312187144,0.04654960444077583,0.06422787635663914,0.0014944104032093737,-0.01264675655735893,0.010266422135844437
2220,500045.0,2597885.0,-0.0017314682749818018,0.0986345556679017,0.060863539487337054,0.14265777122171389,0.08047681362035652,0.15174683229557792,-0.006032098729620452
2221,500105.0,2598005.0,0.008787946731147196,0.10578471479677687,0.06573921885197741,0.14194386300882442,0.14671409664605298,0.02692723551526559,-0.007310259757993452
2223,500465.0,2599175.0,-0.022919251886923668,-0.04429610585546567,0.007136694380115979,-0.08585971810471624,-0.014044939779167483,-0.07004262663107269,-0.03029740132911936
2228,501305.0,2597045.0,-0.017214992851276607,-0.004585950485733714,-0.04082012981764852,-0.02586641070986695,-0.04099519847301399,-0.06709160913039745,0.0015173009029467402
2229,501905.0,2599565.0,0.053424499710866304,-0.018690347013825603,0.08153714369415008,0.1403627815944045,0.17130963573279967,0.006814852869950952,0.01373121195302841
2233,501635.0,2597915.0,-0.025213050676513665,-0.03263656115937261,0.014814911695869414,-0.10530237511743552,0.013567245165022761,-0.07423236201246135,-0.020981232341835063
2234,501815.0,2598545.0,0.0030751094202550017,0.023636239690732343,0.050709916138232426,-0.045895026492268266,0.05044801334731983,0.06521524629503504,0.0225124057357734
2238,502565.0,2597195.0,-0.02564041097992569,-0.002083589411686778,-0.04315891431491179,-0.04084094478924612,-0.07029945231556109,-0.0995260797107916,-0.01169260847787716
2243,501905.0,2598965.0,-0.01322314152549864,-0.04397228930047858,0.028272087279324298,0.048855832104860115,0.08535116009414918,0.19308815317688655,0.017638760754520897
2248,500345.0,2599595.0,-0.024259328568098124,-0.01353921207610032,-0.06881452608894185,0.013542984611994893,-0.1150118505407357,-0.09137758819092831,0.005523076408364357
2251,501965.0,2599295.0,-0.010564393260180842,-0.05108731461393326,0.0007914344994627903,0.03012761478059921,0.051921591630079235,-0.09610779251818398,-0.03275116755616451
2252,500105.0,2597855.0,0.0017910758489895534,0.10355189910808482,0.06910278146681986,0.16716212361663713,0.09043978125295972,0.17193804268527407,0.031939523530567775
2253,500375.0,2598815.0,0.028800514690826357,0.07623126125806984,0.030331615056942866,-0.05827239825538983,0.10918689749999136,0.12392987038365294,0.000621945437611691
2256,502415.0,2599025.0,-0.02169752180756488,-0.04832724549143235,0.030333980642931014,0.03722729490791068,0.025109413690749215,-0.01048065805795494,-0.020909623453174594
2257,500225.0,2598485.0,0.17238698054118506,0.1086191230339748,-0.028698888981397955,0.02753050638389243,0.05712379514901331,0.24877474996203577,0.0852922746861447
2259,500405.0,2597255.0,-0.004445257257620025,0.0766021828686948,0.008038486850360928,0.1334756629411084,-0.07043036814141276,0.281035995253771,0.030823262451674046
2265,500285.0,2598335.0,0.003237838226655314,0.10386363881996014,0.02954686541109146,0.06418093317400433,0.14822772250479158,0.25463834655055684,0.04125471325499623
2282,501965.0,2599685.0,0.008899974336361036,-0.055733702056885555,0.03377324083609247,0.06945006803071743,0.08393690305647072,-0.05594143541066361,-0.018238580170071385
2286,502445.0,2599925.0,-0.023701467358611367,-0.019951201442765385,0.005954380556691056,0.027306462593938235,-0.06360017075696904,-0.07208589559182298,0.011503869855017316
2288,502175.0,2599865.0,-0.0014849027411260583,-0.00649158020322788,0.04314775601844557,0.07579360869888292,0.0016075894292621074,-0.015745655454205594,0.059334285622562315
2298,501935.0,2597495.0,-0.01867714525851142,-0.023383266099520756,-0.005043226161202382,-0.028397735733396105,-0.056210619970613794,-0.04534053661540525,-0.010218811562983125
2307,500825.0,2597105.0,-0.014718829896142925,-0.0034262139562131126,-0.06338078963882839,0.008711765847838029,-0.10339650133420063,-0.0890050489526909,0.004669373155403812
2315,500885.0,2598605.0,-0.004975065761212764,0.048991887551661534,-0.11203219273840263,-0.037198103736952155,0.08278178338205938,0.2349284697423855,-0.008883643786610367
2320,501335.0,2597165.0,-0.023585287883673024,0.002265631169090297,-0.04694558645130561,-0.02066314828633468,-0.06592951491474573,-0.06935726963555242,0.01359822660551306
2333,501485.0,2599385.0,-0.01934202156336183,-0.054840944941996414,-0.10740184947476614,0.025810391000525366,0.04813013923797897,-0.09771984535939819,-0.040615242636356165
2334,501515.0,2597045.0,-0.011522689900226875,-0.0333048484440251,-0.05737542852249067,-0.03554642940260413,-0.06049613779834678,-0.06477521215191694,-0.001146807393443621
2335,500915.0,2597075.0,-0.0234549451763267,-0.0021833731566869613,-0.07032594109441953,0.009027561996335092,-0.10426696470732086,-0.09168530645669908,0.004881553454701714
2337,500825.0,2597735.0,-0.00774923530924739,-0.014183602192101233,-0.0606426884604035,0.025235317405065048,-0.1198426153914131,-0.10640109394145261,3.293520556842766e-05
2338,501125.0,2598905.0,-0.02666153054252994,0.0056843870698982035,-0.13152914420275916,-0.08213523876747603,-0.003781275738518097,0.060194744395394344,-0.030974925674994103
2356,500615.0,2599415.0,-0.02311914798255725,-0.03506308122332775,-0.018255833217837067,0.02806773850729531,-0.1303511579332777,-0.05765451656979342,-0.008317633282134166
2357,500525.0,2599955.0,-0.009656790750150593,-0.04591232774299475,-0.04487536116943791,0.02401262597854068,-0.07892788009965694,-0.08570852283849113,-0.020597930301997372
2384,502115.0,2598905.0,-0.013516472638789651,-0.051606120554911566,0.03805879312052148,0.049124141171225225,0.0882683444505083,0.14741777846422308,0.012912627097843457
2388,502475.0,2599685.0,-0.03859353170570426,-0.008279813684306496,0.03734622655563556,0.024892298987343554,-0.05238912590841761,-0.04248002788925598,-0.010662081466849823
2392,502895.0,2597915.0,-0.0039015346307137585,-0.02617030988827479,0.026101385362241315,-0.0902933407242301,-0.0273007469128893,-0.054132026916048306,-0.020093527698481016
2400,502925.0,2597675.0,-0.03007578074034579,-0.044432606971856546,0.02092655840334691,-0.06530806309530623,-0.053852369554263146,-0.07006023944110254,-0.002704261615236466
2404,500375.0,2599715.0,-0.017113221251622637,-0.002615062646853216,-0.08451796512716092,0.012682236706048325,-0.10389842072372964,-0.09850551712257316,0.016058964373903948
2414,500045.0,2597015.0,0.14381540873983167,0.11668804111144658,-0.03592240199682165,0.08674694577182875,-0.025433842524905704,0.24011371445303528,0.08019860427935063
2418,502895.0,2599685.0,-0.027032822560613096,-0.02819288358716484,-0.018944335430884963,0.014257096354296858,-0.10663505092723292,-0.07516007072244019,-0.02717113181908073
2439,502355.0,2598905.0,-0.03482268706983115,-0.059092370062111994,0.025690793285030454,0.03386485774944098,0.05193146786219647,0.06000446582224444,-0.022006393470655736
2446,500525.0,2598335.0,-0.0027309169163988157,0.08459690016835854,0.0338024734459407,0.0785188852593104,0.1345697782326696,0.3311328545896716,-0.003224199140157902
2447,501785.0,2598545.0,-0.023815778426389024,-0.03323336271816562,0.01843377691365291,-0.09112889070419734,0.028632928702339897,0.017687918737887293,0.004605505455734524
2448,500195.0,2598695.0,0.021876437264121692,0.08400615192671183,-0.003393762982310309,-0.029041057269880124,0.13166004971111775,0.2930152138883899,0.07718835443435226
2456,500675.0,2598995.0,-0.02971375071866703,-0.045279012108397805,-0.014318110760262832,-0.055264458606507576,0.04732084942361254,-0.08498050973727225,-0.012032334289891056
2491,502685.0,2598275.0,0.013911340313566594,-0.013006912771438077,0.025960899595203566,-0.0610652417505384,0.030491758242773278,0.11098084889632555,-0.004439445877116623
